Ordenação Manual;ID;Atividade;Início Estimado;Término Estimado;Início real;Término real;Hora Início Estimado;Hora Término Estimado;Hora Início Real;Hora Término Real;Esforço Estimado;Esforço Real;% Completo;% Completo Estimado Calculado;Indicador de Prazo;Predecessora;Sucessora;Recursos;Caminho Crítico;Prioridade;Duração Estimada;Situação;Tipo de Atividade;Categorias;Cliente;Processos;Subprocessos;Status da Alteração
0;F6663644;Auditoria: Análise de Inconsistências - Interagindo e Executando ações & Central de inteligência (liberação de procedimento);12/08/2026;27/11/2026;12/08/2026;;;;;;;0,5;60,00%;60,00%;No prazo;;;;;;76;Em Andamento;;;;;;[ALTERADA]
5;A84;Testes de conceito, riscos e decisão;31/08/2026;11/09/2026;;;;;;;;;0%;100%;Atrasado;;;Gabriela Ferreira;Não;0;9;Não Iniciada;Desenvolvimento;Onda 1;;;;[REMOVIDA]
5;A97;[S4EMOD-73] Estudo de Viabilidade e Validação do Modelo Preditivo em Larga Escala;21/09/2026;02/10/2026;21/09/2026;02/10/2026;;;;;;;100%;100%;No prazo;;;"Thiago Sampaio;Gabriela Ferreira";Sim;0;10;Encerrado;Desenvolvimento;Onda 1;;;;[NOVA]
6;A98;[S4EMOD-76] Elaboração de Apresentação Executiva do Modelo Preditivo para Clientes;28/09/2026;02/10/2026;28/09/2026;02/10/2026;;;;;;;100%;100%;No prazo;;;Thiago Sampaio;Não;0;5;Encerrado;Planejamento;Onda 1;;;;[NOVA]
7;A99;[S4EMOD-79] Alinhamento inicial de negócio e diretrizes com Diretoria e Gabriela;05/10/2026;07/10/2026;05/10/2026;07/10/2026;;;;;;;100%;100%;No prazo;;;"Thiago Sampaio;Gabriela Ferreira";Não;0;3;Encerrado;Planejamento;Onda 1;;;;[NOVA]
8;A100;[S4EMOD-80] Extração e anonimização de base histórica de guias (Homologação);05/10/2026;12/10/2026;05/10/2026;12/10/2026;;;;;;;100%;100%;No prazo;;;Thiago Sampaio;Não;0;6;Encerrado;Desenvolvimento;Onda 1;;;;[NOVA]
9;A101;[S4EMOD-81] Engenharia de Features e Pipeline de Pré-processamento (28 variáveis);05/10/2026;14/10/2026;05/10/2026;14/10/2026;;;;;;;100%;100%;No prazo;;;Thiago Sampaio;Não;0;8;Encerrado;Desenvolvimento;Onda 1;;;;[NOVA]
10;A102;[S4EMOD-82] Treinamento e Otimização do Modelo XGBoost (Validação Cruzada Out-of-Time);12/10/2026;15/10/2026;12/10/2026;15/10/2026;;;;;;;100%;100%;No prazo;;;Thiago Sampaio;Não;0;4;Encerrado;Desenvolvimento;Onda 1;;;;[NOVA]
11;A103;[S4EMOD-83] Calibração de Probabilidades (Platt Scaling) e Definição das 5 Faixas de Risco;13/10/2026;16/10/2026;13/10/2026;16/10/2026;;;;;;;100%;100%;No prazo;;;Thiago Sampaio;Não;0;3;Encerrado;Desenvolvimento;Onda 1;;;;[NOVA]
12;A104;[S4EMOD-84] Validação de banco de teste restaurado e massa de dados;07/10/2026;09/10/2026;07/10/2026;;;;;;;;50%;50%;No prazo;;;Thiago Sampaio;Não;0;2;Em Andamento;Desenvolvimento;Onda 1;;;;[NOVA]
13;A105;[S4EMOD-85] Estruturação da Arquitetura do Microserviço FastAPI (Clean Architecture);19/10/2026;23/10/2026;19/10/2026;;;;;;;;60%;60%;No prazo;;;Thiago Sampaio;Não;0;5;Em Andamento;Desenvolvimento;Onda 1;;;;[NOVA]
14;A106;[S4EMOD-86] Implementação do Adapter in-memory e serialização (Zero-DB no runtime);21/10/2026;23/10/2026;21/10/2026;;;;;;;;60%;60%;No prazo;;;Thiago Sampaio;Não;0;3;Em Andamento;Desenvolvimento;Onda 1;;;;[NOVA]
15;A107;[S4EMOD-87] Middleware de Autenticação Basic Auth e Isolamento de Rede Seguro;22/10/2026;26/10/2026;22/10/2026;;;;;;;;60%;60%;No prazo;;;Thiago Sampaio;Não;0;2;Em Andamento;Desenvolvimento;Onda 1;;;;[NOVA]
16;A108;[S4EMOD-88] Integração com banco de dados e definição de locais de escrita;22/10/2026;28/10/2026;22/10/2026;;;;;;;;30%;30%;No prazo;;;Thiago Sampaio;Não;0;4;Em Andamento;Desenvolvimento;Onda 1;;;;[NOVA]
17;A109;[S4EMOD-89] Funcionalidade de salvar índice de confiabilidade por usuário (Auditoria S4E);26/10/2026;29/10/2026;26/10/2026;;;;;;;;30%;30%;No prazo;;;Thiago Sampaio;Não;0;3;Em Andamento;Desenvolvimento;Onda 1;;;;[NOVA]
18;A110;[S4EMOD-90] Testes de Carga, Estresse e Validação de Concorrência (200 req/s);27/10/2026;30/10/2026;27/10/2026;;;;;;;;20%;20%;No prazo;;;Thiago Sampaio;Não;0;3;Em Andamento;Testes;Onda 1;;;;[NOVA]
19;A111;[S4EMOD-91] Criação de Tabelas de Histórico ML_Score e Procedures no SQL Server;02/11/2026;05/11/2026;;;;;;;;;0%;0%;No prazo;;;Thiago Sampaio;Não;0;4;Não Iniciada;Desenvolvimento;Onda 1;;;;[NOVA]
20;A112;[S4EMOD-92] Desenvolvimento de Client HTTP Resiliente no Core .NET (Polly Circuit Breaker);03/11/2026;10/11/2026;;;;;;;;;0%;0%;No prazo;;;Thiago Sampaio;Não;0;7;Não Iniciada;Desenvolvimento;Onda 1;;;;[NOVA]
21;A113;[S4EMOD-93] Integração com Job Jenkins de Importação XML/TISS e Lote de Fechamento;03/11/2026;12/11/2026;;;;;;;;;0%;0%;No prazo;;;Thiago Sampaio;Não;0;8;Não Iniciada;Desenvolvimento;Onda 1;;;;[NOVA]
22;A114;[S4EMOD-94] Adaptação das Telas Web de Auditoria (Badges de Risco, Perda Evitável, XAI, Perfil Dentista);03/11/2026;13/11/2026;;;;;;;;;0%;0%;No prazo;;;Thiago Sampaio;Não;0;8;Não Iniciada;Desenvolvimento;Onda 1;;;;[NOVA]
23;A115;[S4EMOD-95] Marco: 30 Dias em Produção Silenciosa do Microserviço;13/11/2026;13/11/2026;;;;;;;;;0%;0%;No prazo;;;Thiago Sampaio;Sim;0;1;Não Iniciada;Marco;Onda 1;;;;[NOVA]
24;A116;[S4EMOD-96] Disparo em Background para 100% das Guias Faturadas (Zero Impacto na UX);16/11/2026;27/11/2026;;;;;;;;;0%;0%;No prazo;;;Thiago Sampaio;Não;0;10;Não Iniciada;Testes;Onda 1;;;;[NOVA]
25;A117;[S4EMOD-97] Coleta Contínua de Decisões dos Auditores Humanos e Confronto Estatístico A/B;16/11/2026;27/11/2026;;;;;;;;;0%;0%;No prazo;;;Thiago Sampaio;Não;0;10;Não Iniciada;Testes;Onda 1;;;;[NOVA]
26;A118;[S4EMOD-98] Calibração Fina dos Limiares de Decisão Automática (Fast-Track vs Auditoria);19/11/2026;27/11/2026;;;;;;;;;0%;0%;No prazo;;;Thiago Sampaio;Não;0;6;Não Iniciada;Desenvolvimento;Onda 1;;;;[NOVA]
27;A119;[S4EMOD-99] Relatório Executivo de Resultados e Validação em Modo Sombra para a Diretoria;24/11/2026;27/11/2026;;;;;;;;;0%;0%;No prazo;;;Thiago Sampaio;Não;0;4;Não Iniciada;Planejamento;Onda 1;;;;[NOVA]
